stn_id,name,lat,lon,ht,ht_ta,ref_elev
42,지점42,35.93681,126.59737,2.05,1.5,3.55
43,지점43,34.71083,126.41163,1.19,1.5,2.69
44,지점44,34.74476,126.4122,1.87,1.5,3.37
45,지점45,34.918889,128.118056,15.0,1.5,16.5
90,지점90,38.25085,128.56473,17.53,1.5,19.03
92,지점92,38.05903,128.66298,75.4,1.5,76.9
93,지점93,37.94738,127.75443,95.78,1.5,97.28
95,지점95,38.14787,127.3042,155.48,1.5,156.98
96,지점96,37.23952,131.86983,99.08,1.5,100.58
98,지점98,37.90188,127.0607,115.62,1.5,117.12
99,지점99,37.88589,126.76648,30.59,1.5,32.09
100,지점100,37.67713,128.71834,772.43,1.5,773.93
101,지점101,37.90262,127.7357,75.82,1.5,77.32
102,지점102,37.97396,124.71237,36.0,1.5,37.5
104,지점104,37.80456,128.85535,75.24,1.5,76.74
105,지점105,37.75147,128.89099,27.12,1.5,28.62
106,지점106,37.50709,129.12433,40.46,1.5,41.96
108,지점108,37.57142,126.9658,85.67,1.5,87.17
110,지점110,37.55891,126.79451,11.38,1.5,12.88
112,지점112,37.47772,126.6249,68.99,1.5,70.49
113,지점113,37.4625,126.44087,7.1,1.5,8.6
114,지점114,37.33749,127.94659,150.11,1.5,151.61
115,지점115,37.48129,130.89863,221.14,1.5,222.64
116,지점116,37.44526,126.96402,624.82,1.5,626.32
119,지점119,37.25746,126.983,39.81,1.5,41.31
121,지점121,37.18126,128.45743,240.54,1.5,242.04
127,지점127,36.97045,127.9525,114.85,1.5,116.35
128,지점128,36.71666667,127.5,58.0,1.5,59.5
129,지점129,36.77658,126.4939,25.25,1.5,26.75
130,지점130,36.99176,129.41278,48.98,1.5,50.48
131,지점131,36.63924,127.44066,58.7,1.5,60.2
133,지점133,36.37199,127.3721,67.79,1.5,69.29
135,지점135,36.22025,127.99458,244.98,1.5,246.48
136,지점136,36.57293,128.70733,141.26,1.5,142.76
137,지점137,36.40837,128.15741,96.58,1.5,98.08
138,지점138,36.03201,129.38002,3.94,1.5,5.44
139,지점139,35.9833,129.4167,21.0,1.5,22.5
140,지점140,36.0053,126.76135,27.85,1.5,29.35
142,지점142,35.89083333,128.66111111,35.4,1.5,36.9
143,지점143,35.87797,128.65296,54.27,1.5,55.77
146,지점146,35.84092,127.11718,60.44,1.5,61.94
151,지점151,35.59333333,129.35222222,12.6,1.5,14.1
152,지점152,35.58237,129.33469,81.14,1.5,82.64
153,지점153,35.16916667,128.93444444,4.0,1.5,5.5
155,지점155,35.17019,128.57282,34.97,1.5,36.47
156,지점156,35.17294,126.89156,70.28,1.5,71.78
158,지점158,35.125,126.81166666,12.8,1.5,14.3
159,지점159,35.10468,129.03203,69.56,1.5,71.06
160,지점160,35.11885,128.99993,549.15,1.5,550.65
161,지점161,35.08333333,128.06666666,8.0,1.5,9.5
162,지점162,34.84541,128.43561,31.24,1.5,32.74
163,지점163,34.99138888,126.38305555,10.9,1.5,12.4
165,지점165,34.81732,126.38151,44.7,1.5,46.2
167,지점167,34.84666667,127.6125,17.9,1.5,19.4
168,지점168,34.73929,127.74063,65.93,1.5,67.43
169,지점169,34.68719,125.45105,75.12,1.5,76.62
170,지점170,34.3959,126.70182,35.37,1.5,36.87
172,지점172,35.34824,126.599,52.42,1.5,53.92
174,지점174,35.0204,127.3694,165.0,1.5,166.5
175,지점175,34.47211,126.3238,478.51,1.5,480.01
177,지점177,36.65759,126.68772,27.74,1.5,29.24
181,지점181,36.63994,127.38458,33.55,1.5,35.05
182,지점182,33.51666667,126.5,26.5,1.5,28.0
184,지점184,33.51411,126.52969,20.79,1.5,22.29
185,지점185,33.29382,126.16283,71.39,1.5,72.89
188,지점188,33.38677,126.8802,20.34,1.5,21.84
189,지점189,33.24616,126.5653,51.86,1.5,53.36
192,지점192,35.16378,128.04004,29.35,1.5,30.85
201,지점201,37.70739,126.44634,47.84,1.5,49.34
202,지점202,37.48863,127.49446,47.26,1.5,48.76
203,지점203,37.26399,127.48421,80.09,1.5,81.59
211,지점211,38.05991,128.16811,202.0,1.5,203.5
212,지점212,37.6836,127.88043,140.2,1.5,141.7
216,지점216,37.17038,128.98929,714.45,1.5,715.95
217,지점217,37.38071,128.67312,312.0,1.5,313.5
221,지점221,37.15928,128.19433,264.62,1.5,266.12
226,지점226,36.48761,127.73415,171.31,1.5,172.81
229,지점229,36.62544,125.55954,104.81,1.5,106.31
230,지점230,37.2645,126.10297,12.0,1.5,13.5
232,지점232,36.76217,127.29282,84.78,1.5,86.28
235,지점235,36.32724,126.55744,9.98,1.5,11.48
236,지점236,36.27242,126.92079,13.42,1.5,14.92
238,지점238,36.10563,127.48175,170.17,1.5,171.67
239,지점239,36.48522,127.24438,89.5,1.5,91.0
243,지점243,35.72961,126.71657,12.2,1.5,13.7
244,지점244,35.61203,127.28556,247.04,1.5,248.54
245,지점245,35.56333,126.83904,68.7,1.5,70.2
247,지점247,35.4213,127.39652,133.49,1.5,134.99
248,지점248,35.65696,127.52031,406.87,1.5,408.37
251,지점251,35.42346,126.69231,50.0,1.5,51.5
252,지점252,35.28366,126.47784,37.2,1.5,38.7
253,지점253,35.22981,128.89075,54.59,1.5,56.09
254,지점254,35.37131,127.1286,129.38,1.5,130.88
255,지점255,35.22655,128.6726,50.95,1.5,52.45
257,지점257,35.30737,129.02009,6.29,1.5,7.79
258,지점258,34.76335,127.21226,1.41,1.5,2.91
259,지점259,34.64457,126.78408,16.19,1.5,17.69
260,지점260,34.68886,126.91951,43.99,1.5,45.49
261,지점261,34.55375,126.56907,16.36,1.5,17.86
262,지점262,34.61826,127.27572,51.91,1.5,53.41
263,지점263,35.32258,128.28812,14.1,1.5,15.6
264,지점264,35.51138,127.74538,152.07,1.5,153.57
266,지점266,34.9434,127.6914,88.21,1.5,89.71
268,지점268,34.47296,126.25846,9.82,1.5,11.32
269,지점269,35.3469,126.0305,28.0,1.5,29.5
271,지점271,36.94361,128.91449,324.67,1.5,326.17
272,지점272,36.87183,128.51687,211.32,1.5,212.82
273,지점273,36.62727,128.14879,173.01,1.5,174.51
276,지점276,36.4351,129.04005,208.65,1.5,210.15
277,지점277,36.53337,129.40926,40.71,1.5,42.21
278,지점278,36.3561,128.68864,81.44,1.5,82.94
279,지점279,36.13055,128.32055,49.17,1.5,50.67
281,지점281,35.97742,128.9514,96.12,1.5,97.62
283,지점283,35.81747,129.20123,40.13,1.5,41.63
284,지점284,35.66739,127.9099,228.45,1.5,229.95
285,지점285,35.56505,128.16994,26.72,1.5,28.22
288,지점288,35.49147,128.74412,8.31,1.5,9.81
289,지점289,35.413,127.8791,138.22,1.5,139.72
294,지점294,34.88818,128.60459,44.83,1.5,46.33
295,지점295,34.81662,127.92641,45.71,1.5,47.21
296,지점296,35.21778,128.96024,3.0,1.5,4.5
300,지점300,35.85799,126.31507,44.18,1.5,45.68
301,지점301,35.09515,126.11642,13.72,1.5,15.22
302,지점302,34.64274,126.18264,6.0,1.5,7.5
303,지점303,34.07275,125.09741,105.88,1.5,107.38
304,지점304,34.31801,126.84849,25.41,1.5,26.91
305,지점305,33.98622,126.92009,34.96,1.5,36.46
306,지점306,34.43185,127.8011,3.04,1.5,4.54
308,지점308,34.68703,126.07303,8.23,1.5,9.73
309,지점309,37.9464,126.6866,25.0,1.5,26.5
310,지점310,37.32471,129.26472,14.07,1.5,15.57
311,지점311,35.78915,128.08673,605.47,1.5,606.97
312,지점312,36.39314,129.14128,262.19,1.5,263.69
313,지점313,34.88208,128.74127,70.0,1.5,71.5
314,지점314,35.86621,127.74312,1515.31,1.5,1516.81
315,지점315,35.30673,127.51079,1087.86,1.5,1089.36
316,지점316,35.11438,126.99743,911.53,1.5,913.03
317,지점317,35.72951,127.11418,105.92,1.5,107.42
318,지점318,37.65328,128.68208,852.0,1.5,853.5
319,지점319,37.53751,130.87154,57.8,1.5,59.3
320,지점320,38.33104,128.31375,1263.88,1.5,1265.38
321,지점321,38.1147,128.1963,253.72,1.5,255.22
322,지점322,38.20067,127.66263,223.0,1.5,224.5
323,지점323,38.27268,127.52551,276.0,1.5,277.5
324,지점324,36.91019,128.07446,155.91,1.5,157.41
325,지점325,37.14449,128.02526,231.26,1.5,232.76
326,지점326,37.54553,127.61126,191.01,1.5,192.51
327,지점327,36.62611,127.51278,97.0,1.5,98.5
328,지점328,33.2505,126.39838,61.0,1.5,62.5
329,지점329,33.44734,126.56546,377.0,1.5,378.5
330,지점330,33.50081,126.64947,144.41,1.5,145.91
331,지점331,33.29554,126.42053,431.0,1.5,432.5
332,지점332,37.44343,129.12207,49.13,1.5,50.63
333,지점333,37.58098,129.08287,16.0,1.5,17.5
334,지점334,38.20702,128.59194,24.38,1.5,25.88
335,지점335,37.36023,128.12553,406.11,1.5,407.61
336,지점336,37.56094,128.11021,210.87,1.5,212.37
337,지점337,37.4597,128.0632,202.45,1.5,203.95
338,지점338,37.50568,128.21068,486.29,1.5,487.79
339,지점339,37.48915,127.8819,251.49,1.5,252.99
340,지점340,37.52823,127.98047,137.6,1.5,139.1
341,지점341,35.82891,127.05258,33.0,1.5,34.5
342,지점342,35.21978,126.79509,49.28,1.5,50.78
343,지점343,38.02222,127.10972,84.79,1.5,86.29
344,지점344,36.78757,127.84728,116.01,1.5,117.51
345,지점345,37.37462,127.94576,109.15,1.5,110.65
346,지점346,37.71199,128.89722,52.88,1.5,54.38
347,지점347,37.22755,127.85685,152.0,1.5,153.5
348,지점348,38.02572,128.71678,6.1,1.5,7.6
349,지점349,37.59997,127.84308,275.0,1.5,276.5
350,지점350,37.99534,128.49556,607.0,1.5,608.5
351,지점351,37.8978,126.9768,126.71,1.5,128.21
352,지점352,37.71794,126.9412,102.84,1.5,104.34
355,지점355,37.10823,127.03537,29.13,1.5,30.63
356,지점356,37.04235,127.0178,28.27,1.5,29.77
358,지점358,36.96737,126.92171,28.51,1.5,30.01
359,지점359,37.85428,127.15919,129.33,1.5,130.83
360,지점360,37.78598,127.22882,126.91,1.5,128.41
361,지점361,38.00531,127.24488,95.59,1.5,97.09
363,지점363,36.66373,128.70106,139.5,1.5,141.0
364,지점364,37.38276,127.11901,55.7,1.5,57.2
365,지점365,37.40925,126.89514,30.13,1.5,31.63
366,지점366,37.39397,127.00756,115.46,1.5,116.96
367,지점367,37.40617,126.78457,16.86,1.5,18.36
368,지점368,37.59924,127.15029,36.85,1.5,38.35
369,지점369,37.36404,126.91692,124.68,1.5,126.18
370,지점370,37.11568,127.22159,55.38,1.5,56.88
371,지점371,37.28045,127.11452,101.62,1.5,103.12
372,지점372,37.87496,127.02463,88.51,1.5,90.01
373,지점373,37.77327,127.04379,64.19,1.5,65.69
374,지점374,37.04652,126.97065,33.01,1.5,34.51
375,지점375,37.79461,126.9855,109.86,1.5,111.36
376,지점376,37.44738,126.85895,68.57,1.5,70.07
377,지점377,37.39523,126.89194,28.0,1.5,29.5
378,지점378,36.30361,127.36278,71.19,1.5,72.69
379,지점379,35.54046,127.5463,292.0,1.5,293.5
400,지점400,37.4982,127.08162,12.66,1.5,14.16
401,지점401,37.48462,127.02601,33.05,1.5,34.55
402,지점402,37.55556,127.14498,55.29,1.5,56.79
403,지점403,37.47426,127.12538,54.05,1.5,55.55
404,지점404,37.5739,126.82953,9.3,1.5,10.8
405,지점405,37.52823,126.87937,22.75,1.5,24.25
406,지점406,37.66557,127.03042,56.65,1.5,58.15
407,지점407,37.62186,127.09192,25.3,1.5,26.8
408,지점408,37.58463,127.06036,53.96,1.5,55.46
409,지점409,37.58551,127.08682,39.09,1.5,40.59
410,지점410,37.4933,126.91746,41.76,1.5,43.26
411,지점411,37.55165,126.92915,100.67,1.5,102.17
412,지점412,37.57047,126.94078,103.08,1.5,104.58
413,지점413,37.5366,127.08524,28.0,1.5,29.5
414,지점414,37.61134,126.99981,128.62,1.5,130.12
415,지점415,37.51955,126.97629,31.73,1.5,33.23
416,지점416,37.64647,126.94273,55.0,1.5,56.5
417,지점417,37.46551,126.90016,45.0,1.5,46.5
418,지점418,37.52489,126.93904,10.66,1.5,12.16
419,지점419,37.55236,126.98736,267.05,1.5,268.55
421,지점421,37.54721,127.03885,34.73,1.5,36.23
423,지점423,37.49328,126.82629,56.08,1.5,57.58
424,지점424,37.63801,127.00981,69.8,1.5,71.3
425,지점425,37.46347,126.98154,113.0,1.5,114.5
426,지점426,37.96611,124.63048,147.29,1.5,148.79
427,지점427,37.66877,126.64721,9.0,1.5,10.5
428,지점428,37.55124,127.21278,23.73,1.5,25.23
429,지점429,37.50059,126.7636,15.67,1.5,17.17
430,지점430,37.27464,127.00971,90.33,1.5,91.83
431,지점431,37.74874,127.07179,52.95,1.5,54.45
432,지점432,37.13087,126.92063,43.84,1.5,45.34
433,지점433,37.5006,126.76359,14.62,1.5,16.12
434,지점434,37.39436,126.95685,77.92,1.5,79.42
435,지점435,37.33262,126.83397,73.0,1.5,74.5
436,지점436,37.23444,127.18839,110.83,1.5,112.33
437,지점437,37.47867,126.86531,52.69,1.5,54.19
438,지점438,37.36148,126.93534,84.71,1.5,86.21
439,지점439,37.20877,127.0357,43.15,1.5,44.65
440,지점440,37.27839,127.44063,87.3,1.5,88.8
441,지점441,37.60758,126.76244,28.0,1.5,29.5
442,지점442,37.41883,127.28569,37.41,1.5,38.91
443,지점443,37.03258,127.30746,70.76,1.5,72.26
444,지점444,37.53794,127.21367,27.68,1.5,29.18
445,지점445,37.33753,126.96798,91.46,1.5,92.96
446,지점446,37.14031,127.06373,17.48,1.5,18.98
447,지점447,37.32983,127.67685,89.04,1.5,90.54
448,지점448,37.40228,127.46399,217.47,1.5,218.97
449,지점449,37.51002,127.44809,32.0,1.5,33.5
450,지점450,37.5984,126.84896,12.81,1.5,14.31
451,지점451,37.69851,127.20483,87.99,1.5,89.49
452,지점452,37.93408,127.22638,95.19,1.5,96.69
453,지점453,37.44205,126.89644,15.28,1.5,16.78
454,지점454,37.97426,127.06693,70.71,1.5,72.21
455,지점455,37.84598,127.50083,71.8,1.5,73.3
456,지점456,38.09632,127.07564,73.31,1.5,74.81
457,지점457,37.522,127.19412,55.27,1.5,56.77
458,지점458,37.4747,127.30579,44.59,1.5,46.09
459,지점459,37.34545,127.19675,134.0,1.5,135.5
460,지점460,37.36887,127.40541,87.77,1.5,89.27
461,지점461,37.24896,127.35799,109.89,1.5,111.39
462,지점462,37.17172,127.48022,91.21,1.5,92.71
463,지점463,37.33164,127.54805,48.31,1.5,49.81
464,지점464,37.20418,127.66095,68.36,1.5,69.86
465,지점465,37.20354,127.54852,62.7,1.5,64.2
466,지점466,37.38974,127.53435,31.11,1.5,32.61
467,지점467,37.09419,127.21577,93.23,1.5,94.73
468,지점468,36.951417,127.258207,53.8,1.5,55.3
469,지점469,37.14077,127.43374,151.91,1.5,153.41
470,지점470,37.08056,127.26962,41.0,1.5,42.5
471,지점471,37.06639,127.06491,63.05,1.5,64.55
472,지점472,36.9845,126.85475,18.99,1.5,20.49
473,지점473,37.84864,127.18636,134.7,1.5,136.2
474,지점474,38.08909,127.2755,142.87,1.5,144.37
475,지점475,38.15774,127.2512,185.81,1.5,187.31
476,지점476,37.90132,127.28831,151.72,1.5,153.22
477,지점477,37.9056,127.0441,71.43,1.5,72.93
478,지점478,38.05857,127.01279,37.3,1.5,38.8
479,지점479,37.98183,126.88427,33.36,1.5,34.86
480,지점480,38.04743,126.99289,42.35,1.5,43.85
481,지점481,37.80246,126.71624,20.91,1.5,22.41
482,지점482,37.77602,126.85131,42.86,1.5,44.36
483,지점483,37.92526,126.78913,18.08,1.5,19.58
484,지점484,37.64656,127.31645,122.04,1.5,123.54
485,지점485,37.67617,127.49483,75.61,1.5,77.11
486,지점486,37.73474,127.41448,49.88,1.5,51.38
487,지점487,37.64527,126.55229,13.0,1.5,14.5
488,지점488,37.21794,126.73006,10.44,1.5,11.94
489,지점489,37.16658,126.70881,25.46,1.5,26.96
491,지점491,38.08521,127.01899,40.0,1.5,41.5
492,지점492,37.41552,126.85133,72.8,1.5,74.3
493,지점493,36.73615,127.00805,35.0,1.5,36.5
494,지점494,36.53083,127.24028,106.02,1.5,107.52
495,지점495,36.98062,127.16254,13.0,1.5,14.5
496,지점496,36.45853,127.26876,27.23,1.5,28.73
497,지점497,37.57516,128.85147,660.4,1.5,661.9
498,지점498,37.87925,128.51447,1018.68,1.5,1020.18
500,지점500,37.66571,126.47015,48.0,1.5,49.5
501,지점501,37.65891,125.69819,7.63,1.5,9.13
502,지점502,37.78944,126.29164,13.94,1.5,15.44
503,지점503,37.90804,126.71193,18.29,1.5,19.79
504,지점504,37.87035,127.18073,105.14,1.5,106.64
505,지점505,37.82439,127.34543,170.45,1.5,171.95
506,지점506,37.74823,126.77693,12.88,1.5,14.38
507,지점507,38.02479,127.14358,76.06,1.5,77.56
508,지점508,37.46649,126.36093,140.91,1.5,142.41
509,지점509,37.45284,126.95015,141.64,1.5,143.14
510,지점510,37.52706,126.90705,25.38,1.5,26.88
511,지점511,37.5675,126.6351,7.13,1.5,8.63
512,지점512,37.39684,126.66209,8.13,1.5,9.63
513,지점513,37.06551,126.01427,29.53,1.5,31.03
514,지점514,37.23767,126.5787,10.0,1.5,11.5
515,지점515,37.08453,126.77389,10.47,1.5,11.97
516,지점516,37.00371,127.25017,23.92,1.5,25.42
517,지점517,38.3851,128.47523,6.0,1.5,7.5
518,지점518,38.26958,128.1211,468.47,1.5,469.97
519,지점519,38.07545,127.51941,298.11,1.5,299.61
520,지점520,38.16705,128.51818,135.58,1.5,137.08
522,지점522,37.78712,127.9838,197.86,1.5,199.36
523,지점523,37.89905,128.82138,9.0,1.5,10.5
524,지점524,37.78626,128.89382,4.0,1.5,5.5
525,지점525,37.62109,128.35893,568.0,1.5,569.5
526,지점526,37.37748,128.39469,303.18,1.5,304.68
527,지점527,37.21108,128.64126,392.43,1.5,393.93
529,지점529,37.14156,129.28585,36.07,1.5,37.57
530,지점530,37.5151,130.8118,178.0,1.5,179.5
531,지점531,37.89807,127.55219,109.66,1.5,111.16
532,지점532,37.73476,127.07349,89.49,1.5,90.99
533,지점533,37.32779,127.48079,83.0,1.5,84.5
534,지점534,37.121,127.61058,88.2,1.5,89.7
535,지점535,37.71701,128.18265,313.5,1.5,315.0
536,지점536,37.4876,127.97242,114.35,1.5,115.85
537,지점537,37.48323,128.84589,488.08,1.5,489.58
538,지점538,38.17254,127.10301,83.25,1.5,84.75
539,지점539,38.02405,127.36815,145.0,1.5,146.5
540,지점540,37.6373,126.892,44.71,1.5,46.21
541,지점541,37.63405,127.15055,25.36,1.5,26.86
542,지점542,37.68414,127.38017,41.96,1.5,43.46
543,지점543,37.499,126.54958,25.79,1.5,27.29
544,지점544,37.18565,126.6544,10.96,1.5,12.46
545,지점545,37.28103,126.83848,5.92,1.5,7.42
546,지점546,37.43529,127.2592,122.61,1.5,124.11
547,지점547,37.41593,127.75488,108.62,1.5,110.12
548,지점548,37.26883,127.63956,118.56,1.5,120.06
549,지점549,37.27011,127.22178,83.0,1.5,84.5
550,지점550,37.1693,127.05271,34.89,1.5,36.39
551,지점551,36.98769,127.10879,27.14,1.5,28.64
552,지점552,38.23153,127.38937,229.5,1.5,231.0
553,지점553,38.45697,128.41794,8.47,1.5,9.97
554,지점554,38.21439,128.43713,771.81,1.5,773.31
555,지점555,38.08371,127.69062,109.21,1.5,110.71
556,지점556,38.09799,127.98527,187.57,1.5,189.07
557,지점557,37.9537,128.31388,292.0,1.5,293.5
558,지점558,37.68614,127.70066,94.64,1.5,96.14
559,지점559,37.77805,128.39728,574.76,1.5,576.26
560,지점560,37.64794,128.56447,540.54,1.5,542.04
561,지점561,37.58219,128.15275,221.38,1.5,222.88
563,지점563,37.46356,128.6828,362.87,1.5,364.37
565,지점565,37.39154,126.77795,5.77,1.5,7.27
566,지점566,37.85155,128.81924,6.53,1.5,8.03
567,지점567,37.95332,126.93176,71.25,1.5,72.75
568,지점568,37.95875,127.31349,142.0,1.5,143.5
569,지점569,37.58224,127.15698,27.15,1.5,28.65
570,지점570,37.6232,126.64233,33.72,1.5,35.22
571,지점571,37.19525,126.82094,45.39,1.5,46.89
572,지점572,37.42093,127.12476,28.65,1.5,30.15
573,지점573,37.55821,127.71352,120.49,1.5,121.99
574,지점574,37.3694,127.58711,36.85,1.5,38.35
575,지점575,37.1058,127.18766,51.18,1.5,52.68
576,지점576,37.12966,127.36632,111.46,1.5,112.96
577,지점577,37.53347,126.33659,9.0,1.5,10.5
578,지점578,36.3012,126.26628,8.09,1.5,9.59
579,지점579,37.36684,128.9133,607.24,1.5,608.74
580,지점580,37.61345,129.02888,58.41,1.5,59.91
581,지점581,37.11663,128.77441,422.1,1.5,423.6
582,지점582,37.23146,128.07993,328.01,1.5,329.51
583,지점583,37.46463,128.1551,534.72,1.5,536.22
585,지점585,37.95996,128.0742,235.78,1.5,237.28
586,지점586,38.03209,127.87694,225.91,1.5,227.41
587,지점587,38.22642,127.95329,304.81,1.5,306.31
588,지점588,37.79066,127.64289,108.94,1.5,110.44
589,지점589,37.70236,126.79026,59.07,1.5,60.57
590,지점590,37.44028,127.00249,46.6,1.5,48.1
591,지점591,37.41554,128.05047,267.66,1.5,269.16
592,지점592,37.23162,127.74866,52.7,1.5,54.2
593,지점593,38.00731,128.54069,128.31,1.5,129.81
594,지점594,38.2533,128.21,316.0,1.5,317.5
595,지점595,38.26414,128.37415,586.53,1.5,588.03
596,지점596,38.07699,128.49325,240.99,1.5,242.49
597,지점597,37.54548,128.44108,561.85,1.5,563.35
598,지점598,37.83118,126.9905,87.76,1.5,89.26
599,지점599,37.76172,127.16977,105.82,1.5,107.32
600,지점600,36.97369,127.58973,131.87,1.5,133.37
601,지점601,37.00204,128.34687,147.07,1.5,148.57
602,지점602,36.86338,127.46231,68.0,1.5,69.5
603,지점603,36.81612,127.77758,120.2,1.5,121.7
604,지점604,36.29995,127.59654,118.05,1.5,119.55
605,지점605,36.16,127.755,143.0,1.5,144.5
606,지점606,37.01061,126.38808,23.22,1.5,24.72
607,지점607,36.67309,126.13541,6.71,1.5,8.21
609,지점609,36.33796,126.35623,39.65,1.5,41.15
610,지점610,36.52003,126.44237,16.88,1.5,18.38
611,지점611,36.56667,127.28056,51.0,1.5,52.5
612,지점612,36.48284,127.13646,24.0,1.5,25.5
614,지점614,36.06248,126.70411,9.59,1.5,11.09
615,지점615,36.21164,127.10815,8.15,1.5,9.65
616,지점616,36.88936,126.61739,52.4,1.5,53.9
617,지점617,36.89056,127.14556,27.0,1.5,28.5
618,지점618,36.42371,126.77906,98.75,1.5,100.25
619,지점619,36.92297,127.70241,133.44,1.5,134.94
620,지점620,37.07371,127.90353,65.43,1.5,66.93
621,지점621,36.97325,128.21421,147.63,1.5,149.13
622,지점622,36.83909,128.00791,228.09,1.5,229.59
623,지점623,36.7956,127.562,74.72,1.5,76.22
624,지점624,36.62436,127.6571,224.25,1.5,225.75
625,지점625,36.51649,127.81557,324.02,1.5,325.52
626,지점626,36.35294,127.82157,120.57,1.5,122.07
627,지점627,36.754,126.32952,14.94,1.5,16.44
628,지점628,36.73925,126.8199,29.22,1.5,30.72
629,지점629,36.69076,127.20047,84.56,1.5,86.06
630,지점630,37.04566,127.79968,109.14,1.5,110.64
631,지점631,37.34775,126.61535,9.74,1.5,11.24
632,지점632,36.54056,126.94722,57.67,1.5,59.17
633,지점633,36.55114,127.09383,75.76,1.5,77.26
634,지점634,36.84578,126.86536,29.5,1.5,31.0
635,지점635,36.1319,126.86024,10.73,1.5,12.23
636,지점636,36.3132,127.2407,132.0,1.5,133.5
637,지점637,36.87895,126.82381,9.01,1.5,10.51
638,지점638,37.07778,128.49361,243.0,1.5,244.5
639,지점639,36.90433,128.14564,282.85,1.5,284.35
640,지점640,36.67111,127.86527,226.0,1.5,227.5
641,지점641,36.5461,127.52388,79.12,1.5,80.62
642,지점642,36.29129,127.39586,148.61,1.5,150.11
643,지점643,36.34019,127.49378,91.34,1.5,92.84
644,지점644,36.13662,127.09004,24.5,1.5,26.0
645,지점645,36.57887,126.51099,16.9,1.5,18.4
646,지점646,36.17406,126.52845,7.74,1.5,9.24
647,지점647,36.12474,127.68507,118.4,1.5,119.9
648,지점648,36.41347,127.43821,99.9,1.5,101.4
649,지점649,37.47223,126.75072,25.91,1.5,27.41
650,지점650,38.25091,127.27141,187.0,1.5,188.5
651,지점651,38.27717,127.2057,216.03,1.5,217.53
652,지점652,37.98998,127.07267,38.29,1.5,39.79
654,지점654,37.25404,126.30761,10.46,1.5,11.96
655,지점655,37.76024,124.72912,83.0,1.5,84.5
656,지점656,37.6873,126.19342,49.15,1.5,50.65
657,지점657,36.32435,126.50213,31.65,1.5,33.15
658,지점658,36.7683,126.12143,10.0,1.5,11.5
659,지점659,36.343,127.2057,831.7,1.5,833.2
660,지점660,37.56197,128.37762,533.47,1.5,534.97
661,지점661,38.54251,128.40191,5.0,1.5,6.5
662,지점662,37.17064,126.29695,10.19,1.5,11.69
663,지점663,36.92863,125.78691,62.53,1.5,64.03
664,지점664,37.22468,126.45838,17.72,1.5,19.22
665,지점665,37.39043,126.42521,28.32,1.5,29.82
666,지점666,36.95872,126.16832,32.47,1.5,33.97
667,지점667,36.6476,126.0093,58.0,1.5,59.5
669,지점669,36.2292,126.07583,17.86,1.5,19.36
670,지점670,38.08874,128.62954,7.0,1.5,8.5
671,지점671,38.1922,128.57608,4.0,1.5,5.5
672,지점672,35.44236,126.48835,10.42,1.5,11.92
673,지점673,35.28223,128.7175,20.64,1.5,22.14
674,지점674,37.21963,128.82141,822.28,1.5,823.78
675,지점675,37.78978,127.52769,52.21,1.5,53.71
676,지점676,36.9906,127.42985,143.77,1.5,145.27
677,지점677,37.51728,129.0213,120.04,1.5,121.54
678,지점678,37.72485,128.77862,455.97,1.5,457.47
679,지점679,37.61045,128.77297,686.6,1.5,688.1
680,지점680,38.21277,127.84468,230.65,1.5,232.15
681,지점681,38.0512,127.79064,200.5,1.5,202.0
682,지점682,38.28317,127.86251,1062.0,1.5,1063.5
687,지점687,35.126189,127.25286,61.93,1.5,63.43
688,지점688,35.26878,126.93914,31.02,1.5,32.52
689,지점689,35.10082,126.89853,73.11,1.5,74.61
690,지점690,35.33624,127.13921,98.47,1.5,99.97
691,지점691,36.38617,126.95652,23.83,1.5,25.33
692,지점692,38.0404,126.9245,33.24,1.5,34.74
694,지점694,36.70435,126.60936,677.32,1.5,678.82
695,지점695,38.11619,127.43197,1050.39,1.5,1051.89
696,지점696,37.34661,129.08614,82.78,1.5,84.28
697,지점697,34.25058,125.91829,5.89,1.5,7.39
698,지점698,35.09385,126.28509,25.17,1.5,26.67
699,지점699,34.98378,126.46108,37.85,1.5,39.35
700,지점700,36.12508,125.9682,58.68,1.5,60.18
701,지점701,36.00168,127.66836,212.0,1.5,213.5
702,지점702,35.93807,126.99252,11.0,1.5,12.5
703,지점703,35.76036,127.43743,354.27,1.5,355.77
704,지점704,35.62095,126.47755,1.94,1.5,3.44
706,지점706,35.31021,126.97266,44.67,1.5,46.17
707,지점707,35.05796,126.20839,34.31,1.5,35.81
708,지점708,35.12886,126.74524,29.91,1.5,31.41
709,지점709,35.20808,127.49355,27.0,1.5,28.5
710,지점710,35.02504,126.74397,7.82,1.5,9.32
711,지점711,34.89711,126.9898,77.34,1.5,78.84
712,지점712,34.90351,127.51927,4.09,1.5,5.59
713,지점713,34.97507,127.58259,15.56,1.5,17.06
714,지점714,34.87909,126.02868,1.96,1.5,3.46
716,지점716,34.63066,126.03198,2.58,1.5,4.08
717,지점717,34.42749,126.30976,11.7,1.5,13.2
718,지점718,34.33303,126.03646,6.42,1.5,7.92
719,지점719,35.8088,126.3977,11.45,1.5,12.95
720,지점720,34.16215,126.55508,14.93,1.5,16.43
721,지점721,34.33904,127.02825,4.17,1.5,5.67
722,지점722,35.13681,126.92875,110.87,1.5,112.37
723,지점723,34.02792,127.30898,6.7,1.5,8.2
724,지점724,33.95783,126.30157,8.1,1.5,9.6
725,지점725,33.52289,126.95414,9.23,1.5,10.73
726,지점726,33.12206,126.26786,11.58,1.5,13.08
727,지점727,33.40986,126.39293,425.21,1.5,426.71
730,지점730,35.2794,126.7611,43.95,1.5,45.45
731,지점731,34.81666,126.68634,4.58,1.5,6.08
732,지점732,34.76192,127.09209,145.53,1.5,147.03
733,지점733,36.0461,126.8917,49.12,1.5,50.62
734,지점734,35.98551,127.24573,64.36,1.5,65.86
735,지점735,35.89424,127.77306,660.36,1.5,661.86
736,지점736,35.84679,126.78401,2.16,1.5,3.66
737,지점737,35.80905,126.87765,54.61,1.5,56.11
738,지점738,35.57948,126.67388,16.0,1.5,17.5
739,지점739,35.52254,126.54668,12.57,1.5,14.07
741,지점741,35.05671,126.98515,94.82,1.5,96.32
742,지점742,34.93889,126.33064,12.0,1.5,13.5
743,지점743,34.77258,125.94688,7.32,1.5,8.82
744,지점744,34.67254,126.43646,5.59,1.5,7.09
745,지점745,34.68504,126.72554,49.0,1.5,50.5
746,지점746,34.38184,126.5159,8.02,1.5,9.52
747,지점747,34.18292,126.85801,28.33,1.5,29.83
748,지점748,34.83694,127.3631,1.6,1.5,3.1
749,지점749,34.53471,127.12715,24.96,1.5,26.46
750,지점750,34.62781,127.63568,23.0,1.5,24.5
751,지점751,33.47934,126.69387,248.0,1.5,249.5
752,지점752,33.30456,126.30599,188.42,1.5,189.92
753,지점753,33.39304,126.4959,967.83,1.5,969.33
754,지점754,35.06037,126.52732,10.42,1.5,11.92
755,지점755,35.15959,127.08534,187.32,1.5,188.82
756,지점756,35.60152,126.28199,6.49,1.5,7.99
757,지점757,35.97436,127.43596,269.51,1.5,271.01
758,지점758,35.83521,127.57117,320.61,1.5,322.11
759,지점759,35.37162,127.57826,478.65,1.5,480.15
760,지점760,35.42739,126.9327,286.11,1.5,287.61
761,지점761,35.65081,126.93462,15.03,1.5,16.53
762,지점762,35.55169,127.18695,146.5,1.5,148.0
763,지점763,36.0592,127.062,38.0,1.5,39.5
764,지점764,35.67359,127.14143,211.79,1.5,213.29
765,지점765,34.89234,127.13448,109.9,1.5,111.4
766,지점766,34.84946,127.71496,78.86,1.5,80.36
767,지점767,34.58853,127.39745,3.72,1.5,5.22
768,지점768,35.28886,127.28531,100.48,1.5,101.98
769,지점769,35.19932,126.38336,5.4,1.5,6.9
770,지점770,34.92863,126.82001,99.0,1.5,100.5
771,지점771,34.72693,126.14463,3.36,1.5,4.86
772,지점772,34.53208,126.23964,1.35,1.5,2.85
773,지점773,34.7085,126.63593,72.11,1.5,73.61
774,지점774,34.81747,126.46618,11.17,1.5,12.67
775,지점775,35.17776,126.63912,39.42,1.5,40.92
776,지점776,34.45996,126.5571,17.0,1.5,18.5
777,지점777,34.55633,126.93462,37.1,1.5,38.6
778,지점778,34.79594,126.8218,96.16,1.5,97.66
779,지점779,33.39268,126.25809,38.79,1.5,40.29
780,지점780,33.27718,126.70438,25.86,1.5,27.36
781,지점781,33.5199,126.8777,17.18,1.5,18.68
782,지점782,33.38514,126.6194,760.47,1.5,761.97
783,지점783,35.23027,126.84077,30.59,1.5,32.09
784,지점784,34.87718,126.61258,22.08,1.5,23.58
785,지점785,34.46383,126.6763,13.04,1.5,14.54
786,지점786,34.63811,127.77409,17.0,1.5,18.5
787,지점787,34.50672,127.31716,12.3,1.5,13.8
788,지점788,35.13159,126.88132,64.98,1.5,66.48
789,지점789,34.87643,126.2929,8.91,1.5,10.41
790,지점790,34.53258,127.46735,135.19,1.5,136.69
791,지점791,35.26621,127.58376,410.15,1.5,411.65
792,지점792,33.36302,126.81839,89.0,1.5,90.5
793,지점793,33.24101,126.22626,2.64,1.5,4.14
794,지점794,35.10066,127.42739,75.99,1.5,77.49
795,지점795,35.27532,127.13899,86.65,1.5,88.15
796,지점796,34.23775,127.24476,37.52,1.5,39.02
797,지점797,34.39498,125.29953,35.63,1.5,37.13
798,지점798,34.68551,125.19236,23.21,1.5,24.71
799,지점799,35.20198,126.13494,19.46,1.5,20.96
800,지점800,36.72566,129.44368,6.43,1.5,7.93
801,지점801,36.62497,129.088,214.21,1.5,215.71
802,지점802,36.75743,129.34008,142.31,1.5,143.81
803,지점803,36.40637,128.79902,185.0,1.5,186.5
804,지점804,36.19056,129.33921,37.23,1.5,38.73
805,지점805,36.17929,129.09434,227.04,1.5,228.54
806,지점806,36.23336,128.2903,41.05,1.5,42.55
807,지점807,36.17966,128.69318,114.26,1.5,115.76
808,지점808,36.07597,129.56673,11.41,1.5,12.91
809,지점809,35.93544,127.97919,205.1,1.5,206.6
810,지점810,35.92552,128.2985,39.43,1.5,40.93
811,지점811,35.86299,129.20929,32.36,1.5,33.86
812,지점812,35.69603,128.28214,41.19,1.5,42.69
813,지점813,35.65404,128.73183,77.53,1.5,79.03
814,지점814,36.97916,128.66103,302.79,1.5,304.29
815,지점815,36.65996,128.46461,102.13,1.5,103.63
816,지점816,35.9831,129.5475,42.37,1.5,43.87
817,지점817,36.78267,129.22121,381.39,1.5,382.89
818,지점818,36.70781,128.14792,217.28,1.5,218.78
819,지점819,36.65875,128.88641,203.21,1.5,204.71
820,지점820,36.54819,128.52665,75.76,1.5,77.26
821,지점821,36.28187,128.07393,91.11,1.5,92.61
822,지점822,36.11987,128.1552,79.24,1.5,80.74
823,지점823,36.24934,128.55577,81.56,1.5,83.06
824,지점824,36.0956,128.50008,114.95,1.5,116.45
825,지점825,36.03977,128.3813,29.79,1.5,31.29
826,지점826,36.04709,128.79003,130.98,1.5,132.48
827,지점827,35.82425,128.743,61.21,1.5,62.71
828,지점828,35.69018,128.42384,24.93,1.5,26.43
829,지점829,35.71214,129.31815,72.92,1.5,74.42
830,지점830,36.06887,129.19957,45.06,1.5,46.56
831,지점831,37.04012,128.99708,663.05,1.5,664.55
832,지점832,36.39066,128.42855,67.0,1.5,68.5
833,지점833,36.53829,128.04189,174.74,1.5,176.24
834,지점834,36.44122,127.9442,284.66,1.5,286.16
835,지점835,36.89316,128.71601,185.0,1.5,186.5
836,지점836,36.27943,128.89601,316.4,1.5,317.9
837,지점837,36.8268,128.6429,187.18,1.5,188.68
838,지점838,36.79066,128.27046,451.67,1.5,453.17
839,지점839,36.45834,128.89544,129.33,1.5,130.83
840,지점840,35.9126,128.8144,71.0,1.5,72.5
841,지점841,36.08494,128.91106,138.88,1.5,140.38
842,지점842,35.7576,129.011,170.66,1.5,172.16
843,지점843,36.93611,129.25013,219.97,1.5,221.47
844,지점844,36.43551,129.35859,22.38,1.5,23.88
845,지점845,35.90842,128.59068,30.18,1.5,31.68
846,지점846,35.86509,128.53095,76.37,1.5,77.87
847,지점847,36.27623,128.46637,70.41,1.5,71.91
848,지점848,35.67916,128.89534,104.4,1.5,105.9
849,지점849,36.54689,128.3871,85.04,1.5,86.54
850,지점850,35.78471,129.49062,6.67,1.5,8.17
851,지점851,37.05137,129.35206,79.82,1.5,81.32
852,지점852,37.0606,129.426,41.0,1.5,42.5
853,지점853,36.01827,128.62129,568.37,1.5,569.87
854,지점854,35.49528,129.13357,166.92,1.5,168.42
855,지점855,33.1733,126.26833,4.25,1.5,5.75
856,지점856,35.1018,127.59815,514.84,1.5,516.34
857,지점857,34.29995,126.71737,8.46,1.5,9.96
858,지점858,34.42956,126.17006,37.07,1.5,38.57
859,지점859,35.7549,129.36873,475.0,1.5,476.5
860,지점860,35.88515,128.61903,58.81,1.5,60.31
861,지점861,33.55563,126.77295,21.0,1.5,22.5
862,지점862,33.47056,126.77919,196.63,1.5,198.13
863,지점863,33.47688,126.43165,52.65,1.5,54.15
864,지점864,35.82149,127.15497,54.51,1.5,56.01
865,지점865,33.45766,126.52202,233.9,1.5,235.4
867,지점867,33.37694,126.53049,1503.33,1.5,1504.83
868,지점868,33.37598,126.49802,1397.53,1.5,1399.03
869,지점869,33.34832,126.4964,1260.2,1.5,1261.7
870,지점870,33.36978,126.55571,1488.56,1.5,1490.06
871,지점871,33.3623,126.51811,1675.81,1.5,1677.31
872,지점872,35.31924,127.75642,869.44,1.5,870.94
874,지점874,38.14163,127.21965,163.22,1.5,164.72
875,지점875,38.1213,128.45992,1603.12,1.5,1604.62
876,지점876,37.45003,129.16214,57.07,1.5,58.57
877,지점877,37.31339,127.80486,59.23,1.5,60.73
878,지점878,37.22379,129.09609,817.04,1.5,818.54
881,지점881,35.72945,126.52885,10.49,1.5,11.99
882,지점882,35.25255,126.60526,120.67,1.5,122.17
883,지점883,33.36233,126.35989,435.0,1.5,436.5
885,지점885,33.33143,126.67846,244.29,1.5,245.79
886,지점886,35.95048,126.59117,5.79,1.5,7.29
888,지점888,36.46267,127.49074,96.8,1.5,98.3
889,지점889,37.50036,126.97652,16.23,1.5,17.73
890,지점890,33.38535,126.73362,275.2,1.5,276.7
892,지점892,33.45011,126.85127,102.47,1.5,103.97
893,지점893,33.46592,126.32745,5.24,1.5,6.74
896,지점896,37.36148,126.93534,84.71,1.5,86.21
897,지점897,37.34452,126.96884,80.4,1.5,81.9
898,지점898,35.50482,129.386,1.57,1.5,3.07
899,지점899,35.22354,128.58215,33.3,1.5,34.8
900,지점900,35.62027,129.14356,117.49,1.5,118.99
901,지점901,35.48678,129.43531,67.64,1.5,69.14
902,지점902,35.24229,127.81897,137.13,1.5,138.63
903,지점903,35.40387,128.51486,14.86,1.5,16.36
904,지점904,35.16944,128.97505,0.73,1.5,2.23
905,지점905,35.4414,129.04288,83.57,1.5,85.07
906,지점906,35.23236,127.64269,89.59,1.5,91.09
907,지점907,34.93211,128.06313,29.46,1.5,30.96
908,지점908,35.11221,128.7537,11.74,1.5,13.24
909,지점909,34.78774,128.73825,109.74,1.5,111.24
910,지점910,35.06609,129.07421,138.96,1.5,140.46
911,지점911,34.64893,128.57714,69.02,1.5,70.52
912,지점912,35.52627,127.77836,140.33,1.5,141.83
913,지점913,34.7238,127.98155,19.65,1.5,21.15
914,지점914,35.63763,127.71556,353.86,1.5,355.36
915,지점915,35.41353,128.10178,85.28,1.5,86.78
916,지점916,35.31111,127.96696,55.0,1.5,56.5
917,지점917,35.03694,128.06768,25.79,1.5,27.29
918,지점918,34.99052,128.33089,7.03,1.5,8.53
919,지점919,35.55142,128.47669,30.0,1.5,31.5
920,지점920,35.29613,128.39942,8.39,1.5,9.89
921,지점921,34.99308,128.83141,75.63,1.5,77.13
922,지점922,35.48645,128.92911,138.03,1.5,139.53
923,지점923,35.27505,129.25113,65.99,1.5,67.49
924,지점924,35.35866,129.36028,22.23,1.5,23.73
925,지점925,35.37435,128.82299,8.68,1.5,10.18
926,지점926,35.12624,128.47483,13.33,1.5,14.83
927,지점927,35.58197,128.88365,126.74,1.5,128.24
929,지점929,35.11369,128.30701,129.52,1.5,131.02
930,지점930,34.80992,128.23814,3.83,1.5,5.33
931,지점931,34.6223,128.27351,73.75,1.5,75.25
932,지점932,35.06058,127.76664,4.47,1.5,5.97
933,지점933,34.99676,127.83238,32.22,1.5,33.72
934,지점934,35.2214,127.92848,82.8,1.5,84.3
935,지점935,35.56979,128.34114,23.63,1.5,25.13
936,지점936,35.33263,128.2023,61.21,1.5,62.71
937,지점937,35.17721,129.16068,81.87,1.5,83.37
938,지점938,35.15888,129.01929,114.38,1.5,115.88
939,지점939,35.2932,129.10348,49.26,1.5,50.76
940,지점940,35.20914,129.09013,70.07,1.5,71.57
941,지점941,35.21304,129.00258,6.94,1.5,8.44
942,지점942,35.11863,129.08841,124.26,1.5,125.76
943,지점943,35.66706,129.37502,460.23,1.5,461.73
944,지점944,35.38516,128.57005,10.05,1.5,11.55
945,지점945,35.53452,127.9901,231.31,1.5,232.81
946,지점946,35.78,127.81826,324.25,1.5,325.75
947,지점947,34.72193,128.5908,30.51,1.5,32.01
948,지점948,35.31074,127.83448,140.43,1.5,141.93
949,지점949,35.6375,129.4412,8.0,1.5,9.5
950,지점950,35.09006,128.98393,167.95,1.5,169.45
951,지점951,35.50869,126.90733,105.9,1.5,107.4
953,지점953,34.99839,128.67977,30.87,1.5,32.37
954,지점954,35.43103,129.36011,53.92,1.5,55.42
955,지점955,37.325,126.39333333,18.0,1.5,19.5
956,지점956,36.77,125.9767,16.0,1.5,17.5
957,지점957,35.98666667,126.225,95.0,1.5,96.5
958,지점958,35.61333333,126.245,15.0,1.5,16.5
959,지점959,34.26333333,126.02666667,12.0,1.5,13.5
960,지점960,33.22333,126.6542,18.0,1.5,19.5
961,지점961,34.285,127.85778,27.0,1.5,28.5
963,지점963,35.5667,129.475,16.0,1.5,17.5
964,지점964,34.45902,126.81574,49.92,1.5,51.42
965,지점965,33.35237,126.53303,1576.0,1.5,1577.5
966,지점966,37.1161,126.3856,38.0,1.5,39.5
967,지점967,37.1189,126.6128,70.0,1.5,71.5
970,지점970,38.2016,127.25024,179.45,1.5,180.95
972,지점972,36.54983,128.6834,88.62,1.5,90.12
973,지점973,35.0233,126.94961,39.64,1.5,41.14
974,지점974,35.24434,128.15605,17.52,1.5,19.02
977,지점977,36.72455,127.46688,40.35,1.5,41.85
978,지점978,37.95461,127.77626,164.93,1.5,166.43
980,지점980,33.25992,126.48917,135.0,1.5,136.5
984,지점984,35.09129,129.12666,35.9,1.5,37.4
989,지점989,33.25792,126.32992,91.2,1.5,92.7
990,지점990,33.31822,126.2305,77.67,1.5,79.17
991,지점991,35.80279,128.44562,27.5,1.5,29.0
992,지점992,35.9062,128.4464,35.5,1.5,37.0
993,지점993,33.34225,126.30985,279.0,1.5,280.5
994,지점994,35.85446,126.64211,3.0,1.5,4.5
995,지점995,35.9286,129.38223,80.32,1.5,81.82
996,지점996,36.37207,127.89492,360.46,1.5,361.96
